Number	Name
1001	ODESSA 2 0
1002	PRESIDIO 2 0
1003	O DONNELL 1 0
1004	O DONNELL 1 1
1005	BIG SPRING 5 0
1006	BIG SPRING 5 1
1007	VAN HORN 0
1008	IRAAN 2 0
1009	IRAAN 2 1
1010	PRESIDIO 1 0
1011	PRESIDIO 1 1
1012	SANDERSON 0
1013	MONAHANS 2 0
1014	GRANDFALLS 0
1015	MARFA 0
1016	GARDEN CITY 0
1017	ODESSA 4 0
1018	NOTREES 0
1019	MIDLAND 4 0
1020	BIG SPRING 1 0
1021	BIG SPRING 1 1
1022	O DONNELL 2 0
1023	O DONNELL 2 1
1024	ODESSA 6 0
1025	BIG SPRINGS 0
1026	BIG SPRINGS 1
1027	MIDLAND 2 0
1028	COAHOMA 0
1029	MIDLAND 3 0
1030	ALPINE 0
1031	FORT DAVIS 0
1032	MCCAMEY 1 0
1033	MCCAMEY 1 1
1034	BIG SPRING 4 0
1035	BIG SPRING 4 1
1036	CRANE 0
1037	ODESSA 5 0
1038	FORT STOCKTON 1 0
1039	FORT STOCKTON 1 1
1040	ANDREWS 0
1041	FORSAN 0
1042	FORSAN 1
1043	FORSAN 2
1044	BIG LAKE 0
1045	MIDLAND 5 0
1046	OZONA 0
1047	MONAHANS 1 0
1048	MONAHANS 1 1
1049	MONAHANS 1 2
1050	MONAHANS 1 3
1051	MONAHANS 1 4
1052	MONAHANS 1 5
1053	MONAHANS 1 6
1054	STANTON 0
1055	ODONNELL 0
1056	LENORAH 0
1057	LENORAH 1
1058	IRAAN 3 0
1059	IRAAN 3 1
1060	IRAAN 3 2
1061	BIG SPRING 6 0
1062	BIG SPRING 6 1
1063	BIG SPRING 6 2
1064	ODESSA 3 0
1065	BIG SPRING 3 0
1066	BIG SPRING 3 1
1067	BIG SPRING 7 0
1068	MIDLAND 1 0
1069	IRAAN 1 0
1070	IRAAN 1 1
1071	ODESSA 1 0
1072	ODESSA 1 1
1073	ODESSA 1 2
1074	ODESSA 1 3
1075	ODESSA 1 4
1076	ODESSA 1 5
1077	ODESSA 1 6
1078	ODESSA 1 7
1079	ODESSA 1 8
1080	ODESSA 1 9
1081	ODESSA 1 10
1082	FORT STOCKTON 2 0
1083	FORT STOCKTON 3 0
1084	BIG SPRING 2 0
1085	KERMIT 0
1086	PECOS 0
1087	SHEFFIELD 0
1088	MCCAMEY 2 0
1089	LAMESA 0
1090	GOLDSMITH 0
1091	RALLS 2 0
2001	PARIS 3 0
2002	SAVOY 0
2003	SAVOY 1
2004	SAVOY 2
2005	SAVOY 3
2006	SAVOY 4
2007	HONEY GROVE 0
2008	MEMPHIS 0
2009	IOWA PARK 0
2010	VERNON 2 0
2011	PANHANDLE 2 0
2012	PANHANDLE 2 1
2013	PANHANDLE 2 2
2014	CHILDRESS 0
2015	FORESTBURG 0
2016	SHERMAN 3 0
2017	PANHANDLE 4 0
2018	PANHANDLE 4 1
2019	PANHANDLE 4 2
2020	WICHITA FALLS 6 0
2021	PARIS 2 0
2022	PARIS 2 1
2023	PARIS 2 2
2024	PARIS 2 3
2025	WICHITA FALLS 4 0
2026	WHEELER 0
2027	DEPORT 0
2028	WICHITA FALLS 3 0
2029	SILVERTON 0
2030	BONHAM 0
2031	MATADOR 0
2032	ARTHUR CITY 0
2033	LEONARD 0
2034	GORDONVILLE 0
2035	KNOX CITY 0
2036	WICHITA FALLS 7 0
2037	LINDSAY 0
2038	ECTOR 0
2039	SUNSET 0
2040	CLARKSVILLE 0
2041	PANHANDLE 3 0
2042	PANHANDLE 3 1
2043	SADLER 0
2044	WHITESBORO 0
2045	SHEPPARD AFB 0
2046	POTTSBORO 0
2047	BELLS 0
2048	CROSBYTON 0
2049	ELECTRA 0
2050	PATTONVILLE 0
2051	HENRIETTA 0
2052	PANHANDLE 6 0
2053	BOWIE 0
2054	WICHITA FALLS 1 0
2055	WICHITA FALLS 1 1
2056	WICHITA FALLS 1 2
2057	WICHITA FALLS 1 3
2058	WHITE DEER 0
2059	WHITE DEER 1
2060	ROXTON 0
2061	VERNON 1 0
2062	VERNON 1 1
2063	DENISON 2 0
2064	SUMNER 0
2065	GAINESVILLE 0
2066	ASPERMONT 0
2067	WICHITA FALLS 5 0
2068	WINDTHORST 0
2069	HOWE 0
2070	ARCHER 2 0
2071	ARCHER 2 1
2072	COLLINSVILLE 0
2073	JAYTON 0
2074	JAYTON 1
2075	JAYTON 2
2076	JAYTON 3
2077	MUENSTER 1 0
2078	MUENSTER 1 1
2079	PADUCAH 0
2080	NOCONA 0
2081	DODD CITY 0
2082	WICHITA FALLS 2 0
2083	WICHITA FALLS 2 1
2084	WICHITA FALLS 2 2
2085	WICHITA FALLS 2 3
2086	MONTAGUE 0
2087	SPUR 0
2088	ARCHER 1 0
2089	ARCHER 1 1
2090	ANNONA 0
2091	SEYMOUR 0
2092	DENISON 1 0
2093	PANHANDLE 5 0
2094	PANHANDLE 5 1
2095	PANHANDLE 5 2
2096	RALLS 1 0
2097	RALLS 1 1
2098	RALLS 1 2
2099	RALLS 1 3
2100	RALLS 1 4
2101	SHERMAN 1 0
2102	SHERMAN 1 1
2103	SHERMAN 1 2
2104	SHERMAN 1 3
2105	SHERMAN 1 4
2106	WHITEWRIGHT 0
2107	SHERMAN 2 0
2108	ROCHESTER 0
2109	BURKBURNETT 0
2110	MUENSTER 2 0
2111	ARCHER CITY 0
2112	PETROLIA 0
2113	PARIS 1 0
2114	PARIS 1 1
2115	PARIS 1 2
2116	PARIS 1 3
2117	PARIS 1 4
2118	PARIS 1 5
2119	PARIS 1 6
2120	PARIS 1 7
2121	BAGWELL 0
2122	TELEPHONE 0
2123	PANHANDLE 1 0
2124	VAN ALSTYNE 0
2125	TIOGA 0
2126	VALLEY VIEW 0
2127	MIAMI 0
2128	MIAMI 1
2129	TRENTON 0
2130	HASKELL 0
2131	HASKELL 1
2132	HASKELL 2
2133	SAINT JO 0
3001	KERRVILLE 0
3002	KERRVILLE 1
3003	SWEETWATER 4 0
3004	SWEETWATER 4 1
3005	LEAKEY 0
3006	HAMLIN 0
3007	MERKEL 3 0
3008	COLEMAN 0
3009	SONORA 0
3010	CAMP WOOD 0
3011	LLANO 0
3012	WILLOW CITY 0
3013	ABILENE 4 0
3014	KINGSLAND 0
3015	ROSCOE 6 0
3016	BLACKWELL 0
3017	BLACKWELL 1
3018	CHRISTOVAL 0
3019	CHRISTOVAL 1
3020	CHRISTOVAL 2
3021	LUEDERS 0
3022	COLORADO CITY 0
3023	STAMFORD 0
3024	ELDORADO 0
3025	SAN SABA 0
3026	ABILENE 2 0
3027	ABILENE 2 1
3028	ABILENE 2 2
3029	LOMETA 0
3030	SAN ANGELO 1 0
3031	TUSCOLA 0
3032	ABILENE 7 0
3033	SNYDER 1 0
3034	SNYDER 1 1
3035	CHEROKEE 0
3036	RICHLAND SPRINGS 0
3037	ROSCOE 2 0
3038	ROSCOE 2 1
3039	ROSCOE 2 2
3040	BALLINGER 0
3041	SILVER 0
3042	SILVER 1
3043	SILVER 2
3044	SILVER 3
3045	SILVER 4
3046	ROSCOE 5 0
3047	ROSCOE 5 1
3048	ROSCOE 5 2
3049	ANSON 0
3050	DEL RIO 0
3051	DEL RIO 1
3052	HUNT 0
3053	WINGATE 0
3054	WINGATE 1
3055	WINGATE 2
3056	WINGATE 3
3057	WINGATE 4
3058	STERLING CITY 1 0
3059	STERLING CITY 1 1
3060	STERLING CITY 1 2
3061	STERLING CITY 1 3
3062	STERLING CITY 1 4
3063	STERLING CITY 1 5
3064	ROSCOE 4 0
3065	ROSCOE 4 1
3066	BRADY 0
3067	TRENT 1 0
3068	TRENT 1 1
3069	OVALO 0
3070	NOLAN 0
3071	NOLAN 1
3072	MILES 0
3073	BRACKETTVILLE 2 0
3074	BRACKETTVILLE 2 1
3075	MASON 0
3076	BRACKETTVILLE 3 0
3077	ABILENE 6 0
3078	HERMLEIGH 0
3079	HERMLEIGH 1
3080	HERMLEIGH 2
3081	HERMLEIGH 3
3082	MERKEL 1 0
3083	MERKEL 1 1
3084	MERKEL 1 2
3085	LORAINE 1 0
3086	LORAINE 1 1
3087	LORAINE 1 2
3088	ABILENE 1 0
3089	ABILENE 1 1
3090	ABILENE 1 2
3091	ABILENE 1 3
3092	ABILENE 1 4
3093	ROCKSPRINGS 0
3094	MERKEL 2 0
3095	MERKEL 2 1
3096	FLUVANNA 2 0
3097	FLUVANNA 2 1
3098	FLUVANNA 2 2
3099	DYESS AFB 0
3100	HAWLEY 0
3101	BUCHANAN DAM 2 0
3102	ABILENE 3 0
3103	SWEETWATER 5 0
3104	BUCHANAN DAM 1 0
3105	BUCHANAN DAM 1 1
3106	BUCHANAN DAM 1 2
3107	INGRAM 0
3108	KEMPNER 0
3109	FLUVANNA 1 0
3110	FLUVANNA 1 1
3111	STERLING CITY 2 0
3112	STERLING CITY 2 1
3113	STERLING CITY 2 2
3114	SAN ANGELO 2 0
3115	ROTAN 0
3116	SYNDER 0
3117	SYNDER 1
3118	SYNDER 2
3119	BRACKETTVILLE 1 0
3120	BRACKETTVILLE 1 1
3121	ROSCOE 1 0
3122	ROSCOE 1 1
3123	UVALDE 0
3124	FREDERICKSBURG 0
3125	ABILENE 5 0
3126	SABINAL 0
3127	SWEETWATER 2 0
3128	LORAINE 2 0
3129	ROSCOE 3 0
3130	SAN ANGELO 3 0
3131	TUSOCOLA 0
3132	EDEN 0
3133	SNYDER 2 0
3134	SNYDER 2 1
3135	SNYDER 2 2
3136	SNYDER 2 3
3137	SWEETWATER 1 0
3138	MENARD 0
3139	WINTERS 0
3140	GOLDSBORO 0
3141	SWEETWATER 3 0
3142	GOODFELLOW AFB 0
3143	SANTA ANNA 0
3144	ROWENA 0
3145	TRENT 2 0
3146	JUNCTION 0
3147	LAMPASAS 0
4002	LAUGHLIN A F B 0
4003	EDINBURG 3 0
4004	LAREDO 7 0
4005	LAREDO 7 1
4006	BRUNI 2 0
4007	MCALLEN 2 0
4008	POTEET 0
4009	SARITA 3 0
4010	SARITA 3 1
4011	HEBBRONVILLE 0
4012	PROGRESO 0
4013	EDINBURG 2 0
4014	EAGLE PASS 0
4015	EAGLE PASS 1
4016	CHARLOTTE 0
4017	CORPUS CHRISTI 4 0
4018	WOODSBORO 0
4019	MERCEDES 0
4020	CORPUS CHRISTI 16 0
4021	EDCOUCH 0
4022	ENCINAL 0
4023	MOORE 0
4024	CHRISTINE 0
4025	CHRISTINE 1
4026	CHRISTINE 2
4027	MCALLEN 3 0
4028	FANNIN 0
4029	FANNIN 1
4030	FANNIN 2
4031	SAN YGNACIO 0
4032	KINGSVILLE 0
4033	LAREDO 6 0
4034	HIDALGO 0
4035	CORPUS CHRISTI 18 0
4036	CRYSTAL CITY 0
4037	SINTON 0
4038	BEEVILLE 0
4039	MISSION 4 0
4040	MISSION 4 1
4041	SAN JUAN 0
4042	SAN JUAN 1
4043	FALCON HEIGHTS 2 0
4044	FALCON HEIGHTS 1 0
4045	FALCON HEIGHTS 1 1
4046	FALCON HEIGHTS 1 2
4047	FALCON HEIGHTS 1 3
4048	LA JOYA 0
4049	SEBASTIAN 2 0
4050	SEBASTIAN 2 1
4051	BISHOP 0
4052	BISHOP 1
4053	ARMSTRONG 2 0
4054	SKIDMORE 0
4055	CORPUS CHRISTI 9 0
4056	GREGORY 0
4057	GREGORY 1
4058	GREGORY 2
4059	GREGORY 3
4060	GREGORY 4
4061	GREGORY 5
4062	GREGORY 6
4063	GREGORY 7
4064	CORPUS CHRISTI 2 0
4065	CORPUS CHRISTI 2 1
4066	WESLACO 0
4067	HARLINGEN 1 0
4068	ELSA 0
4069	CORPUS CHRISTI 17 0
4070	BROWNSVILLE 2 0
4071	BROWNSVILLE 2 1
4072	CORPUS CHRISTI 10 0
4073	MISSION 1 0
4074	MISSION 1 1
4075	MISSION 1 2
4076	MISSION 1 3
4077	MISSION 1 4
4078	CORPUS CHRISTI 8 0
4079	MISSION 3 0
4080	CORPUS CHRISTI 3 0
4081	CORPUS CHRISTI 3 1
4082	CORPUS CHRISTI 3 2
4083	CORPUS CHRISTI 3 3
4084	CORPUS CHRISTI 3 4
4085	CORPUS CHRISTI 3 5
4086	RIO HONDO 0
4087	CORPUS CHRISTI 5 0
4088	PHARR 0
4089	SANTA ROSA 1 0
4090	SANTA ROSA 1 1
4091	SANTA ROSA 1 2
4092	SANTA ROSA 1 3
4093	SANTA ROSA 1 4
4094	SANTA ROSA 1 5
4095	SANTA ROSA 1 6
4096	SANTA ROSA 1 7
4097	SANTA ROSA 1 8
4098	SANTA ROSA 1 9
4099	ODEM 0
4100	CORPUS CHRISTI 13 0
4101	LAREDO 3 0
4102	OLMITO 0
4103	EDINBURG 1 0
4104	TAFT 2 0
4105	TAFT 2 1
4106	PORT ISABEL 0
4107	DONNA 0
4108	INGLESIDE 0
4109	CORPUS CHRISTI 11 0
4110	LOS FRESNOS 0
4111	HARLINGEN 2 0
4112	RIVIERA 0
4113	LAREDO 1 0
4114	LAREDO 1 1
4115	LAREDO 1 2
4116	LAREDO 1 3
4117	JOURDANTON 0
4118	GEORGE WEST 0
4119	ROMA 0
4120	CORPUS CHRISTI 12 0
4121	SANTA MARIA 0
4122	MCALLEN 1 0
4123	CORPUS CHRISTI 7 0
4124	FALFURRIAS 0
4125	PETTUS 0
4126	BROWNSVILLE 3 0
4127	ALICE 0
4128	RIO GRANDE CITY 0
4129	PREMONT 0
4130	FREER 0
4131	PEARSALL 0
4132	PEARSALL 1
4133	PEARSALL 2
4134	PEARSALL 3
4135	PEARSALL 4
4136	PEARSALL 5
4137	PEARSALL 6
4138	PEARSALL 7
4139	SANDIA 0
4140	SARITA 1 0
4141	SARITA 1 1
4142	SARITA 1 2
4143	DILLEY 0
4144	ORANGE GROVE 0
4145	PORTLAND 0
4146	LAREDO 4 0
4147	LAREDO 4 1
4148	THREE RIVERS 0
4149	ROCKPORT 0
4150	CORPUS CHRISTI 15 0
4151	ARMSTRONG 1 0
4152	ARMSTRONG 1 1
4153	ARMSTRONG 1 2
4154	PENITAS 0
4155	SULLIVAN CITY 0
4156	CORPUS CHRISTI 6 0
4157	MISSION 2 0
4158	CORPUS CHRISTI 1 0
4159	CORPUS CHRISTI 1 1
4160	CORPUS CHRISTI 1 2
4161	CORPUS CHRISTI 1 3
4162	CORPUS CHRISTI 1 4
4163	CORPUS CHRISTI 1 5
4164	GRULLA 0
4165	SARITA 2 0
4166	SARITA 2 1
4167	HARGILL 0
4168	CORPUS CHRISTI 14 0
4169	MATHIS 0
4170	ARANSAS PASS 0
4171	SAN BENITO 0
4172	PLEASANTON 0
4173	REFUGIO 0
4174	LYTLE 0
4175	LAREDO 2 0
4176	BRUNI 1 0
4177	BRUNI 1 1
4178	GOLIAD 0
4179	SAN DIEGO 0
4180	PORT ARANSAS 0
4181	TAFT 1 0
4182	TAFT 1 1
4183	SAN PERLITA 0
4184	SAN PERLITA 1
4185	ZAPATA 0
4186	SANTA ROSA 2 0
4187	COTULLA 0
4188	QUEMADO 0
4189	CARRIZO SPRINGS 0
4190	LAREDO 5 0
4191	RAYMONDVILLE 0
4192	BROWNSVILLE 1 0
4193	BROWNSVILLE 1 1
4194	SEBASTIAN 1 0
4195	OILTON 0
4196	OILTON 1
4197	OILTON 2
5003	GARLAND 5 0
5004	KERENS 0
5005	LIPAN 0
5006	DALLAS 24 0
5007	DENTON 4 0
5008	ALBANY 2 0
5009	DALLAS 21 0
5010	PLANO 2 0
5011	THORNTON 0
5012	DENTON 5 0
5013	EARLY 0
5014	DECATUR 0
5015	KELLER 2 0
5016	KELLER 2 1
5017	PONDER 0
5018	JACKSBORO 1 0
5019	JACKSBORO 1 1
5020	JACKSBORO 1 2
5021	ALEDO 1 0
5022	ALEDO 1 1
5023	ALEDO 1 2
5024	GATESVILLE 4 0
5025	CLEBURNE 2 0
5026	FORT WORTH 14 0
5027	FORT WORTH 23 0
5028	FORT WORTH 1 0
5029	TROY 0
5030	SPRINGTOWN 0
5031	PRINCETON 0
5032	DALLAS 27 0
5033	DALLAS 1 0
5034	DALLAS 1 1
5035	DALLAS 1 2
5036	DALLAS 1 3
5037	DALLAS 1 4
5038	DALLAS 1 5
5039	DALLAS 1 6
5040	DALLAS 1 7
5041	DALLAS 1 8
5042	DALLAS 1 9
5043	ROYSE CITY 0
5044	BOYD 0
5045	STEPHENVILLE 0
5046	STEPHENVILLE 1
5047	MANSFIELD 0
5048	MANSFIELD 1
5049	GREENVILLE 1 0
5050	GREENVILLE 1 1
5051	GREENVILLE 1 2
5052	GREENVILLE 1 3
5053	PLANO 4 0
5054	GROESBECK 0
5055	GRAHAM 0
5056	GRAHAM 1
5057	GRAHAM 2
5058	GRAHAM 3
5059	MABANK 2 0
5060	MABANK 2 1
5061	MABANK 2 2
5062	MABANK 2 3
5063	ARLINGTON 1 0
5064	ARLINGTON 1 1
5065	ARLINGTON 1 2
5066	ARLINGTON 1 3
5067	ARLINGTON 1 4
5068	ARLINGTON 1 5
5069	ARLINGTON 1 6
5070	DALLAS 41 0
5071	WACO 3 0
5072	DALLAS 19 0
5073	BANGS 0
5074	PROSPER 0
5075	EVANT 0
5076	TERRELL 1 0
5077	TERRELL 1 1
5078	AUBREY 0
5079	WACO 4 0
5080	LORENA 0
5081	FORT HOOD 0
5082	ARLINGTON 5 0
5083	MCKINNEY 3 0
5084	MCKINNEY 3 1
5085	DALLAS 38 0
5086	ARLINGTON 9 0
5087	MILFORD 0
5088	CLIFTON 1 0
5089	CLIFTON 1 1
5090	DALLAS 15 0
5091	FROST 0
5092	GRANDVIEW 0
5093	HASLET 0
5094	BARDWELL 0
5095	LAKE DALLAS 0
5096	PLANO 1 0
5097	EULESS 2 0
5098	FORT WORTH 24 0
5099	FLOWER MOUND 2 0
5100	DALLAS 11 0
5101	COMANCHE 0
5102	RICHARDSON 2 0
5103	RICHARDSON 2 1
5104	FORT WORTH 8 0
5105	IRVING 1 0
5106	IRVING 1 1
5107	IRVING 1 2
5108	DALLAS 44 0
5109	LANCASTER 1 0
5110	PALO PINTO 2 0
5111	ADDISON 0
5112	HICO 0
5113	KRUM 0
5114	KAUFMAN 0
5115	CADDO MILLS 0
5116	PLANO 7 0
5117	FORT WORTH 5 0
5118	BAIRD 0
5119	PERRIN 0
5120	BROWNWOOD 0
5121	BROWNWOOD 1
5122	DALLAS 6 0
5123	MARLIN 0
5124	MARLIN 1
5125	ARLINGTON 6 0
5126	DALLAS 8 0
5127	JONESBORO 0
5128	DALLAS 33 0
5129	GOLDTHWAITE 2 0
5130	PLANO 5 0
5131	BELTON 0
5132	BELTON 1
5133	TOLAR 0
5134	BRECKENRIDGE 0
5135	EASTLAND 0
5136	COOPER 0
5137	WACO 1 0
5138	WACO 1 1
5139	DALLAS 42 0
5140	GATESVILLE 1 0
5141	ANNA 0
5142	MOODY 0
5143	FORT WORTH 2 0
5144	WACO 6 0
5145	GRAND PRAIRIE 1 0
5146	ROWLETT 2 0
5147	PLANO 6 0
5148	IRVING 5 0
5149	DALLAS 7 0
5150	BRYSON 2 0
5151	MORGAN 0
5152	SACHSE 0
5153	PARADISE 0
5154	RIO VISTA 0
5155	STRAWN 0
5156	May-00
5157	DESOTO 0
5158	MESQUITE 2 0
5159	ROSEBUD 0
5160	DENTON 2 0
5161	DALLAS 4 0
5162	AXTELL 0
5163	NOLANVILLE 0
5164	DENTON 1 0
5165	DENTON 1 1
5166	DENTON 1 2
5167	DENTON 1 3
5168	DALLAS 39 0
5169	DUBLIN 1 0
5170	DUBLIN 1 1
5171	MERTENS 0
5172	WEATHERFORD 1 0
5173	PLANO 3 0
5174	MALONE 0
5175	DENTON 3 0
5176	GRAFORD 0
5177	ARLINGTON 8 0
5178	ROCKWALL 1 0
5179	CORSICANA 2 0
5180	CORSICANA 2 1
5181	GARLAND 2 0
5182	GATESVILLE 2 0
5183	CARROLLTON 3 0
5184	FORT WORTH 26 0
5185	RHOME 0
5186	VENUS 0
5187	OLNEY 2 0
5188	CARROLLTON 1 0
5189	DALLAS 20 0
5190	GORDON 0
5191	MERIDIAN 0
5192	KILLEEN 4 0
5193	KILLEEN 4 1
5194	DUNCANVILLE 1 0
5195	ARGYLE 0
5196	BRYSON 1 0
5197	BRYSON 1 1
5198	BRYSON 1 2
5199	FORT WORTH 12 0
5200	MINERAL WELLS 0
5201	COOLIDGE 0
5202	RICE 0
5203	DALLAS 35 0
5204	POOLVILLE 0
5205	POOLVILLE 1
5206	POOLVILLE 2
5207	POOLVILLE 3
5208	POOLVILLE 4
5209	WALNUT SPRINGS 0
5210	BEDFORD 2 0
5211	HUBBARD 0
5212	FERRIS 0
5213	GARLAND 4 0
5214	DALLAS 32 0
5215	PILOT POINT 0
5216	FORT WORTH 6 0
5217	NORTH RICHLAND HILLS 2 0
5218	JUSTIN 0
5219	SCURRY 0
5220	SANGER 0
5221	KILLEEN 1 0
5222	MABANK 1 0
5223	MEXIA 0
5224	CARROLLTON 2 0
5225	NEVADA 0
5226	ZEPHYR 0
5227	TERRELL 2 0
5228	DALLAS 14 0
5229	DALLAS 13 0
5230	DALLAS 28 0
5231	HAMILTON 0
5232	ARLINGTON 7 0
5233	EULESS 1 0
5234	FRISCO 1 0
5235	SALADO 0
5236	OLNEY 1 0
5237	OLNEY 1 1
5238	OLNEY 1 2
5239	GOLDTHWAITE 1 0
5240	GOLDTHWAITE 1 1
5241	GOLDTHWAITE 1 2
5242	GOLDTHWAITE 1 3
5243	GOLDTHWAITE 1 4
5244	FORT WORTH 22 0
5245	GRAPEVINE 0
5246	GLEN ROSE 2 0
5247	KOPPERL 0
5248	BEDFORD 1 0
5249	FORT WORTH 29 0
5250	DALLAS 5 0
5251	GRAND PRAIRIE 2 0
5252	DALLAS 22 0
5253	FLOWER MOUND 1 0
5254	ROANOKE 0
5255	MILLSAP 0
5256	FORRESTON 0
5257	ITALY 0
5258	FORNEY 0
5259	LAVON 0
5260	GLEN ROSE 1 0
5261	GLEN ROSE 1 1
5262	GLEN ROSE 1 2
5263	GLEN ROSE 1 3
5264	DE LEON 0
5265	KELLER 1 0
5266	CEDAR HILL 0
5267	MC GREGOR 0
5268	COMMERCE 0
5269	MIDLOTHIAN 2 0
5270	WEST 0
5271	BARTLETT 0
5272	DALLAS 16 0
5273	COPPELL 0
5274	WILMER 0
5275	DAWSON 0
5276	MART 0
5277	LITTLE ELM 0
5278	TEMPLE 2 0
5279	TEMPLE 1 0
5280	TEMPLE 1 1
5281	TEMPLE 1 2
5282	TEMPLE 1 3
5283	TEMPLE 1 4
5284	QUINLAN 0
5285	CHICO 0
5286	DUBLIN 2 0
5287	ARLINGTON 2 0
5288	WOLFE CITY 0
5289	DALLAS 26 0
5290	WHITNEY 0
5291	FORT WORTH 25 0
5292	FORT WORTH 27 0
5293	JOSHUA 0
5294	DALLAS 12 0
5295	MCKINNEY 1 0
5296	MCKINNEY 1 1
5297	MCKINNEY 1 2
5298	MCKINNEY 1 3
5299	MCKINNEY 1 4
5300	MCKINNEY 1 5
5301	MCKINNEY 1 6
5302	MCKINNEY 1 7
5303	MCKINNEY 1 8
5304	ALLEN 1 0
5305	ALLEN 1 1
5306	ALEDO 2 0
5307	THE COLONY 0
5308	SUNNYVALE 0
5309	DALLAS 10 0
5310	FORT WORTH 4 0
5311	DALLAS 30 0
5312	AZLE 0
5313	HUTCHINS 0
5314	VALLEY MILLS 0
5315	DENTON 6 0
5316	MESQUITE 3 0
5317	GRANBURY 1 0
5318	GRANBURY 1 1
5319	GRANBURY 1 2
5320	GRANBURY 1 3
5321	GRANBURY 1 4
5322	DALLAS 2 0
5323	DALLAS 2 1
5324	DALLAS 2 2
5325	DALLAS 2 3
5326	DALLAS 2 4
5327	MOUNT CALM 0
5328	RIESEL 2 0
5329	DALLAS 17 0
5330	ARLINGTON 4 0
5331	CELINA 0
5332	FORT WORTH 16 0
5333	RED OAK 0
5334	CLYDE 0
5335	IRVING 2 0
5336	ROWLETT 1 0
5337	JACKSBORO 2 0
5338	GRANBURY 3 0
5339	SOUTHLAKE 0
5340	DALLAS 29 0
5341	LEWISVILLE 1 0
5342	LEWISVILLE 1 1
5343	LEWISVILLE 1 2
5344	DALLAS 36 0
5345	HILLSBORO 0
5346	FORT WORTH 15 0
5347	CISCO 0
5348	ITASCA 0
5349	LANCASTER 2 0
5350	GARLAND 1 0
5351	GARLAND 1 1
5352	DALLAS 9 0
5353	DUNCANVILLE 2 0
5354	MESQUITE 1 0
5355	MAYPEARL 0
5356	GARLAND 3 0
5357	ALLEN 2 0
5358	RIESEL 1 0
5359	RIESEL 1 1
5360	RIESEL 1 2
5361	BRIDGEPORT 0
5362	BRIDGEPORT 1
5363	BRIDGEPORT 2
5364	BRIDGEPORT 3
5365	BRIDGEPORT 4
5366	BRIDGEPORT 5
5367	BRIDGEPORT 6
5368	BRIDGEPORT 7
5369	BRIDGEPORT 8
5370	LEWISVILLE 2 0
5371	SEAGOVILLE 0
5372	DALLAS 31 0
5373	HALTOM CITY 0
5374	BALCH SPRINGS 0
5375	FORT WORTH 13 0
5376	DALLAS 43 0
5377	KILLEEN 2 0
5378	WACO 5 0
5379	FORT WORTH 9 0
5380	ENNIS 0
5381	ENNIS 1
5382	ENNIS 2
5383	ENNIS 3
5384	DALLAS 3 0
5385	DALLAS 3 1
5386	RICHARDSON 1 0
5387	FORT WORTH 21 0
5388	WACO 2 0
5389	WACO 2 1
5390	ROGERS 0
5391	ROGERS 1
5392	ROGERS 2
5393	CHINA SPRING 0
5394	ALBANY 1 0
5395	ALBANY 1 1
5396	ALBANY 1 2
5397	ALBANY 1 3
5398	ALBANY 1 4
5399	ALBANY 1 5
5400	MCKINNEY 2 0
5401	GRANBURY 2 0
5402	GRANBURY 2 1
5403	GRANBURY 2 2
5404	GRANBURY 2 3
5405	GRANBURY 2 4
5406	GRANBURY 2 5
5407	CLIFTON 2 0
5408	FARMERSVILLE 0
5409	ARLINGTON 10 0
5410	KILLEEN 3 0
5411	KILLEEN 3 1
5412	WYLIE 0
5413	PALO PINTO 1 0
5414	PALO PINTO 1 1
5415	PALO PINTO 1 2
5416	PALO PINTO 1 3
5417	PALO PINTO 1 4
5418	PALO PINTO 1 5
5419	PALO PINTO 1 6
5420	FORT WORTH 10 0
5421	JOSEPHINE 0
5422	LEWSIVILLE 0
5423	LEWSIVILLE 1
5424	LEWSIVILLE 2
5425	DALLAS 40 0
5426	KEMP 0
5427	WAXAHACHIE 2 0
5428	HURST 0
5429	FORT WORTH 18 0
5430	WEATHERFORD 2 0
5431	ROCKWALL 2 0
5432	WEATHERFORD 3 0
5433	FORT WORTH 3 0
5434	NEWARK 0
5435	SANTO 0
5436	DALLAS 18 0
5437	ELM MOTT 0
5438	FORT WORTH 17 0
5439	WAXAHACHIE 1 0
5440	ARLINGTON 3 0
5441	FORT WORTH 20 0
5442	FORT WORTH 7 0
5443	FORT WORTH 11 0
5444	MIDLOTHIAN 1 0
5445	MIDLOTHIAN 1 1
5446	HEWITT 0
5447	ARLINGTON 11 0
5448	GRAND PRAIRIE 3 0
5449	GRAND PRAIRIE 3 1
5450	MELISSA 0
5451	COPPERAS COVE 0
5452	COPPERAS COVE 1
5453	CLEBURNE 1 0
5454	GREENVILLE 2 0
5455	ALVORD 0
5456	GORMAN 0
5457	COLLEYVILLE 0
5458	HOLLAND 0
5459	HOLLAND 1
5460	HOLLAND 2
5461	TEMPLE 3 0
5462	DALLAS 34 0
5463	IRVING 4 0
5464	FRISCO 2 0
5465	FRISCO 2 1
5466	GATESVILLE 3 0
5467	DALLAS 25 0
5468	DALLAS 37 0
5469	FORT WORTH 19 0
5470	WOODWAY 0
5471	MINGUS 0
5472	THROCKMORTON 0
5473	NEMO 0
5474	ABBOTT 0
5475	ALVARADO 0
5476	CORSICANA 1 0
5477	HARKER HEIGHTS 0
5478	IRVING 3 0
5479	BURLESON 0
5480	BURLESON 1
5481	FORT WORTH 28 0
5482	DALLAS 23 0
5483	NORTH RICHLAND HILLS 1 0
5484	CROSS PLAINS 0
5485	BLOOMING GROVE 0
6001	CONVERSE 0
6002	SAN ANTONIO 46 0
6003	BASTROP 0
6004	BASTROP 1
6005	BASTROP 2
6006	BASTROP 3
6007	BASTROP 4
6008	BASTROP 5
6009	BASTROP 6
6010	BASTROP 7
6011	MARION 2 0
6012	PAIGE 0
6013	SAN ANTONIO 42 0
6014	WAELDER 0
6015	ATASCOSA 0
6016	SAN ANTONIO 40 0
6017	CIBOLO 0
6018	AUSTIN 6 0
6019	AUSTIN 25 0
6020	HORSESHOE BAY 0
6021	LEANDER 1 0
6022	LEANDER 1 1
6023	LEANDER 1 2
6024	AUSTIN 10 0
6025	SAN ANTONIO 31 0
6026	SAN ANTONIO 49 0
6027	ELGIN 0
6028	AUSTIN 31 0
6029	RUNGE 0
6030	YOAKUM 0
6031	YOAKUM 1
6032	AUSTIN 37 0
6033	PFLUGERVILLE 0
6034	PFLUGERVILLE 1
6035	PFLUGERVILLE 2
6036	SAN ANTONIO 12 0
6037	SAN ANTONIO 12 1
6038	AUSTIN 3 0
6039	AUSTIN 3 1
6040	AUSTIN 3 2
6041	AUSTIN 3 3
6042	AUSTIN 3 4
6043	SAN ANTONIO 48 0
6044	SAN ANTONIO 19 0
6045	SAN ANTONIO 2 0
6046	SAN ANTONIO 2 1
6047	SAN ANTONIO 2 2
6048	SAN ANTONIO 2 3
6049	SAN ANTONIO 2 4
6050	SAN ANTONIO 2 5
6051	SAN ANTONIO 2 6
6052	SAN ANTONIO 2 7
6053	SAN ANTONIO 2 8
6054	SAN ANTONIO 2 9
6055	BERGHEIM 0
6056	NEW BRAUNFELS 2 0
6057	NEW BRAUNFELS 2 1
6058	NEW BRAUNFELS 2 2
6059	D HANIS 0
6060	SAN ANTONIO 24 0
6061	AUSTIN 7 0
6062	BRENHAM 0
6063	BRENHAM 1
6064	BRENHAM 2
6065	BERTRAM 0
6066	MARION 1 0
6067	MARION 1 1
6068	MARION 1 2
6069	MARION 1 3
6070	MARION 1 4
6071	MARION 1 5
6072	MARION 1 6
6073	MARION 1 7
6074	MARION 1 8
6075	LA GRANGE 0
6076	LA GRANGE 1
6077	LA GRANGE 2
6078	LA GRANGE 3
6079	LA GRANGE 4
6080	LA GRANGE 5
6081	MARBLE FALLS 1 0
6082	MARBLE FALLS 1 1
6083	MARBLE FALLS 1 2
6084	ROUND ROCK 1 0
6085	ROUND ROCK 1 1
6086	ROUND ROCK 1 2
6087	ROUND ROCK 1 3
6088	ROUND ROCK 1 4
6089	ROUND ROCK 1 5
6090	ROUND ROCK 1 6
6091	WIMBERLEY 0
6092	GONZALES 0
6093	SAN ANTONIO 11 0
6094	SAN ANTONIO 14 0
6095	HUTTO 0
6096	LULING 0
6097	SAN ANTONIO 21 0
6098	AUSTIN 12 0
6099	SAN ANTONIO 15 0
6100	ADKINS 0
6101	WINCHESTER 0
6102	WINCHESTER 1
6103	WINCHESTER 2
6104	WINCHESTER 3
6105	WINCHESTER 4
6106	WINCHESTER 5
6107	ROCKDALE 1 0
6108	ROCKDALE 1 1
6109	ROCKDALE 1 2
6110	ROCKDALE 1 3
6111	ROCKDALE 1 4
6112	NATALIA 0
6113	AUSTIN 20 0
6114	SAN ANTONIO 43 0
6115	SAN ANTONIO 5 0
6116	TAYLOR 0
6117	SMITHVILLE 0
6118	CEDAR PARK 0
6119	CEDAR PARK 1
6120	CEDAR PARK 2
6121	SAN ANTONIO 25 0
6122	HALLETTSVILLE 0
6123	AUSTIN 5 0
6124	NEW BRAUNFELS 3 0
6125	SUTHERLAND SPRINGS 0
6126	AUSTIN 34 0
6127	CAMERON 0
6128	SAN ANTONIO 35 0
6129	MEDINA 0
6130	MANCHACA 0
6131	SPRING BRANCH 0
6132	AUSTIN 19 0
6133	FLATONIA 0
6134	GRANGER 0
6135	FAYETTEVILLE 0
6136	GEORGETOWN 2 0
6137	AUSTIN 35 0
6138	PIPE CREEK 0
6139	RED ROCK 0
6140	JARRELL 0
6141	SAN ANTONIO 1 0
6142	SAN ANTONIO 1 1
6143	SAN ANTONIO 1 2
6144	SAN ANTONIO 1 3
6145	SAN ANTONIO 1 4
6146	SAN ANTONIO 1 5
6147	SAN ANTONIO 1 6
6148	SAN ANTONIO 1 7
6149	SAN ANTONIO 1 8
6150	SAN ANTONIO 36 0
6151	SCHULENBURG 0
6152	SAN ANTONIO 22 0
6153	SAN ANTONIO 22 1
6154	DRIPPING SPRINGS 0
6155	SAN ANTONIO 26 0
6156	MARBLE FALLS 3 0
6157	BOERNE 1 0
6158	WASHINGTON 0
6159	SCHERTZ 0
6160	AUSTIN 8 0
6161	SEGUIN 1 0
6162	SEGUIN 1 1
6163	SEGUIN 1 2
6164	SEGUIN 1 3
6165	SEGUIN 1 4
6166	SEGUIN 1 5
6167	SEGUIN 1 6
6168	SAN ANTONIO 45 0
6169	SAN ANTONIO 52 0
6170	SAN ANTONIO 52 1
6171	SAN ANTONIO 52 2
6172	CUERO 2 0
6173	CUERO 2 1
6174	SAN ANTONIO 10 0
6175	AUSTIN 16 0
6176	AUSTIN 39 0
6177	SAN ANTONIO 51 0
6178	SAN ANTONIO 51 1
6179	SAN ANTONIO 41 0
6180	LA VERNIA 0
6181	MANOR 0
6182	SAN ANTONIO 38 0
6183	GIDDINGS 0
6184	AUSTIN 32 0
6185	AUSTIN 38 0
6186	AUSTIN 30 0
6187	AUSTIN 28 0
6188	COLUMBUS 0
6189	COLUMBUS 1
6190	SHINER 0
6191	SAN ANTONIO 3 0
6192	CALDWELL 0
6193	CALDWELL 1
6194	AUSTIN 18 0
6195	INDUSTRY 0
6196	DALE 0
6197	SAN ANTONIO 37 0
6198	SAN ANTONIO 37 1
6199	SAN ANTONIO 37 2
6200	SAN ANTONIO 18 0
6201	SAN ANTONIO 33 0
6202	MARTINDALE 0
6203	SAN ANTONIO 17 0
6204	SAN ANTONIO 23 0
6205	AUSTIN 29 0
6206	LEXINGTON 0
6207	LEANDER 2 0
6208	AUSTIN 15 0
6209	MICO 0
6210	MARBLE FALLS 2 0
6211	MARBLE FALLS 2 1
6212	MARBLE FALLS 2 2
6213	MARBLE FALLS 2 3
6214	MARBLE FALLS 2 4
6215	MARBLE FALLS 2 5
6216	MARBLE FALLS 2 6
6217	AUSTIN 36 0
6218	LOCKHART 0
6219	AUSTIN 17 0
6220	SAN ANTONIO 13 0
6221	FALLS CITY 0
6222	AUSTIN 27 0
6223	AUSTIN 27 1
6224	AUSTIN 23 0
6225	SAN ANTONIO 27 0
6226	BLANCO 0
6227	AUSTIN 24 0
6228	SAN MARCOS 0
6229	SAN MARCOS 1
6230	SAN MARCOS 2
6231	BUDA 0
6232	DEL VALLE 0
6233	AUSTIN 4 0
6234	SAN ANTONIO 50 0
6235	SAN ANTONIO 50 1
6236	SAN ANTONIO 50 2
6237	BURLINGTON 0
6238	AUSTIN 13 0
6239	ELMENDORF 0
6240	ELMENDORF 1
6241	ELMENDORF 2
6242	ELMENDORF 3
6243	ELMENDORF 4
6244	ELMENDORF 5
6245	ELMENDORF 6
6246	ELMENDORF 7
6247	ELMENDORF 8
6248	ELMENDORF 9
6249	ELMENDORF 10
6250	SAN ANTONIO 6 0
6251	CANYON LAKE 0
6252	JOHNSON CITY 0
6253	YORKTOWN 0
6254	AUSTIN 2 0
6255	AUSTIN 2 1
6256	AUSTIN 2 2
6257	AUSTIN 2 3
6258	AUSTIN 2 4
6259	AUSTIN 2 5
6260	AUSTIN 2 6
6261	LACKLAND A F B 0
6262	LIBERTY HILL 0
6263	KENEDY 0
6264	KENEDY 1
6265	CUERO 1 0
6266	CUERO 1 1
6267	CUERO 1 2
6268	CUERO 1 3
6269	CUERO 1 4
6270	CUERO 1 5
6271	CUERO 1 6
6272	CUERO 1 7
6273	CUERO 1 8
6274	CUERO 1 9
6275	SAN ANTONIO 20 0
6276	VON ORMY 0
6277	KYLE 0
6278	KYLE 1
6279	SEGUIN 2 0
6280	SEGUIN 2 1
6281	UNIVERSAL CITY 0
6282	SPICEWOOD 0
6283	SAINT HEDWIG 0
6284	SAN ANTONIO 16 0
6285	BOERNE 2 0
6286	BOERNE 2 1
6287	SAN ANTONIO 32 0
6288	SAN ANTONIO 32 1
6289	AUSTIN 26 0
6290	AUSTIN 21 0
6291	SAN ANTONIO 44 0
6292	CEDAR CREEK 1 0
6293	CEDAR CREEK 1 1
6294	CEDAR CREEK 1 2
6295	CEDAR CREEK 1 3
6296	CEDAR CREEK 1 4
6297	CEDAR CREEK 1 5
6298	NEW BRAUNFELS 1 0
6299	NEW BRAUNFELS 1 1
6300	NEW BRAUNFELS 1 2
6301	NEW BRAUNFELS 1 3
6302	NEW BRAUNFELS 1 4
6303	NEW BRAUNFELS 1 5
6304	NEW BRAUNFELS 1 6
6305	NEW BRAUNFELS 1 7
6306	AUSTIN 11 0
6307	SAN ANTONIO 39 0
6308	HONDO 0
6309	HONDO 1
6310	SAN ANTONIO 4 0
6311	NEW ULM 0
6312	SAN ANTONIO 8 0
6313	AUSTIN 33 0
6314	BULVERDE 0
6315	GEORGETOWN 3 0
6316	GEORGETOWN 3 1
6317	GEORGETOWN 3 2
6318	GEORGETOWN 3 3
6319	GEORGETOWN 3 4
6320	SAN ANTONIO 9 0
6321	FLORESVILLE 0
6322	FLORESVILLE 1
6323	SAN ANTONIO 29 0
6324	SAN ANTONIO 7 0
6325	BUCKHOLTS 0
6326	SOMERVILLE 0
6327	WEIMAR 0
6328	COMFORT 0
6329	NORDHEIM 0
6330	AUSTIN 9 0
6331	AUSTIN 22 0
6332	HELOTES 0
6333	SAN ANTONIO 47 0
6334	SAN ANTONIO 47 1
6335	SAN ANTONIO 47 2
6336	BANDERA 0
6337	SAN ANTONIO 30 0
6338	ROCKDALE 2 0
6339	CEDAR CREEK 2 0
6340	NIXON 0
6341	CHAPPELL HILL 0
6342	ROUND ROCK 3 0
6343	ROUND ROCK 3 1
6344	ROUND ROCK 3 2
6345	AUSTIN 14 0
6346	LEMING 0
6349	AUSTIN 1 0
6350	AUSTIN 1 1
6351	AUSTIN 1 2
6352	SAN ANTONIO 28 0
6353	ROUND ROCK 2 0
6354	ROUND ROCK 4 0
6355	ROUND ROCK 4 1
6356	SAN ANTONIO 34 0
6357	DEVINE 0
6358	GEORGETOWN 1 0
6359	BURNET 0
6360	BURNET 1
7001	INEZ 0
7002	PASADENA 2 0
7003	PASADENA 2 1
7004	PASADENA 2 2
7005	PASADENA 2 3
7006	PASADENA 2 4
7007	PASADENA 2 5
7008	PASADENA 2 6
7009	PASADENA 2 7
7010	PRAIRIE VIEW 0
7011	CONROE 1 0
7012	SIMONTON 0
7013	HOUSTON 80 0
7014	HOUSTON 1 0
7015	HOUSTON 1 1
7016	HOUSTON 9 0
7017	HOUSTON 73 0
7018	NURSERY 0
7019	NURSERY 1
7020	NURSERY 2
7021	NURSERY 3
7022	NURSERY 4
7023	NURSERY 5
7024	NURSERY 6
7025	NURSERY 7
7026	BACLIFF 0
7027	SPRING 1 0
7028	HOUSTON 72 0
7029	PORT LAVACA 0
7030	PORT LAVACA 1
7031	PORT LAVACA 2
7032	PORT LAVACA 3
7033	PORT LAVACA 4
7034	PORT LAVACA 5
7035	CONROE 5 0
7036	CONROE 5 1
7037	SUGAR LAND 3 0
7038	SUGAR LAND 3 1
7039	SUGAR LAND 3 2
7040	DAYTON 0
7041	DAYTON 1
7042	VICTORIA 2 0
7043	VICTORIA 2 1
7044	VICTORIA 2 2
7045	VICTORIA 2 3
7046	VICTORIA 2 4
7047	KATY 1 0
7048	KATY 1 1
7049	KATY 1 2
7050	MAGNOLIA 2 0
7051	HOUSTON 29 0
7052	MISSOURI CITY 1 0
7053	RICHMOND 1 0
7054	HOUSTON 11 0
7055	HOUSTON 33 0
7056	SPRING 8 0
7057	SPRING 8 1
7058	POINT COMFORT 2 0
7059	POINT COMFORT 2 1
7060	POINT COMFORT 2 2
7061	POINT COMFORT 2 3
7062	POINT COMFORT 2 4
7063	POINT COMFORT 2 5
7064	POINT COMFORT 2 6
7065	POINT COMFORT 2 7
7066	POINT COMFORT 2 8
7067	HOUSTON 28 0
7068	EL CAMPO 0
7069	EL CAMPO 1
7070	HOUSTON 12 0
7071	PORT O CONNOR 0
7072	DICKINSON 0
7073	GALVESTON 1 0
7074	GALVESTON 1 1
7075	HOUSTON 10 0
7076	BAYTOWN 2 0
7077	BAYTOWN 2 1
7078	BAYTOWN 2 2
7079	BAYTOWN 2 3
7080	BAYTOWN 2 4
7081	BAYTOWN 2 5
7082	BAYTOWN 2 6
7083	LEAGUE CITY 0
7084	LEAGUE CITY 1
7085	LIVERPOOL 0
7086	HOUSTON 16 0
7087	SUGAR LAND 1 0
7088	RICHMOND 2 0
7089	HOUSTON 82 0
7090	PINEHURST 0
7091	PEARLAND 2 0
7092	HOUSTON 47 0
7093	HOUSTON 79 0
7094	HOUSTON 49 0
7095	WADSWORTH 0
7096	WADSWORTH 1
7097	WADSWORTH 2
7098	WADSWORTH 3
7099	WADSWORTH 4
7100	HOUSTON 18 0
7101	HOUSTON 88 0
7102	TOMBALL 1 0
7103	HOUSTON 22 0
7104	DEER PARK 0
7105	DEER PARK 1
7106	DEER PARK 2
7107	DEER PARK 3
7108	DEER PARK 4
7109	DEER PARK 5
7110	DEER PARK 6
7111	DEER PARK 7
7112	DEER PARK 8
7113	DEER PARK 9
7114	DEER PARK 10
7115	DEER PARK 11
7116	WALLIS 0
7117	HOUSTON 67 0
7118	SPRING 4 0
7119	SOUTH HOUSTON 0
7120	HOUSTON 3 0
7121	HOUSTON 3 1
7122	HOUSTON 3 2
7123	SEADRIFT 0
7124	HOUSTON 34 0
7125	SUGAR LAND 2 0
7126	SUGAR LAND 2 1
7127	SUGAR LAND 2 2
7128	CONROE 7 0
7129	LOLITA 0
7130	LAPORTE 0
7131	LAPORTE 1
7132	LAPORTE 2
7133	LAPORTE 3
7134	LAPORTE 4
7135	LAPORTE 5
7136	LAPORTE 6
7137	LAPORTE 7
7138	LAPORTE 8
7139	LAPORTE 9
7140	LAPORTE 10
7141	LAPORTE 11
7142	LAPORTE 12
7143	NEW CANEY 0
7144	HOUSTON 14 0
7145	HOUSTON 2 0
7146	HOUSTON 2 1
7147	HOUSTON 78 0
7148	HOUSTON 40 0
7149	BLOOMINGTON 0
7150	WILLIS 2 0
7151	WILLIS 2 1
7152	HOUSTON 51 0
7153	PALACIOS 0
7154	CONROE 4 0
7155	HOUSTON 52 0
7156	SPRING 2 0
7157	SPRING 2 1
7158	KINGWOOD 1 0
7159	HOUSTON 5 0
7160	HOUSTON 5 1
7161	HOUSTON 5 2
7162	HOUSTON 5 3
7163	HOUSTON 5 4
7164	HOUSTON 5 5
7165	HOUSTON 5 6
7166	HOUSTON 5 7
7167	HOUSTON 5 8
7168	HOUSTON 5 9
7169	HOUSTON 5 10
7170	HOUSTON 5 11
7171	TEXAS CITY 1 0
7172	TEXAS CITY 1 1
7173	KINGWOOD 2 0
7174	HOUSTON 8 0
7175	SPRING 7 0
7176	SPRING 7 1
7177	SPRING 7 2
7178	HOUSTON 41 0
7179	FRESNO 0
7180	HOUSTON 48 0
7181	HOUSTON 58 0
7182	PATTISON 0
7183	HOUSTON 77 0
7184	MISSOURI CITY 2 0
7185	MISSOURI CITY 2 1
7186	HOUSTON 4 0
7187	HOUSTON 4 1
7188	HOUSTON 4 2
7189	HOUSTON 4 3
7190	HOUSTON 4 4
7191	HOUSTON 4 5
7192	HOUSTON 4 6
7193	HOUSTON 4 7
7194	HOUSTON 4 8
7195	HOUSTON 4 9
7196	HOUSTON 4 10
7197	HOUSTON 4 11
7198	TOMBALL 2 0
7199	CYPRESS 1 0
7200	CYPRESS 1 1
7201	CYPRESS 1 2
7202	HEMPSTEAD 0
7203	WEST COLUMBIA 0
7204	BAYTOWN 1 0
7205	BAYTOWN 1 1
7206	BAYTOWN 1 2
7207	BAYTOWN 1 3
7208	BAYTOWN 1 4
7209	BAYTOWN 1 5
7210	BAYTOWN 1 6
7211	BAYTOWN 1 7
7212	BAYTOWN 1 8
7213	SANTA FE 1 0
7214	HOUSTON 27 0
7215	SPRING 5 0
7216	HOUSTON 46 0
7217	HOUSTON 23 0
7218	MONTGOMERY 0
7219	HUNGERFORD 0
7220	HOUSTON 84 0
7221	HOUSTON 83 0
7222	HOUSTON 24 0
7223	HOUSTON 76 0
7224	HOUSTON 43 0
7225	HOUSTON 81 0
7226	HOUSTON 35 0
7227	HOUSTON 90 0
7228	HOUSTON 90 1
7229	HOUSTON 90 2
7230	BEASLEY 0
7231	HOUSTON 7 0
7232	LA MARQUE 0
7233	WALLER 0
7234	PORTER 0
7235	CYPRESS 2 0
7236	HOUSTON 30 0
7237	FULSHEAR 0
7238	LIBERTY 0
7239	WINNIE 0
7240	HOUSTON 63 0
7241	HOUSTON 70 0
7242	HOUSTON 55 0
7243	CROSBY 0
7244	MANVEL 0
7245	HOUSTON 54 0
7246	HOUSTON 89 0
7247	DAMON 0
7248	HOUSTON 74 0
7249	HOUSTON 26 0
7250	HOUSTON 32 0
7251	HOCKLEY 0
7252	ANGLETON 0
7253	ANGLETON 1
7254	CONROE 3 0
7255	HOUSTON 39 0
7256	HOUSTON 59 0
7257	PEARLAND 1 0
7258	HOUSTON 56 0
7259	HOUSTON 13 0
7260	CHANNELVIEW 2 0
7261	BAY CITY 0
7262	BAY CITY 1
7263	PASADENA 3 0
7264	PASADENA 3 1
7265	PASADENA 3 2
7266	PASADENA 3 3
7267	PASADENA 3 4
7268	PASADENA 3 5
7269	PASADENA 3 6
7270	PASADENA 3 7
7271	BROOKSHIRE 0
7272	HOUSTON 25 0
7273	TEXAS CITY 2 0
7274	VICTORIA 3 0
7275	VICTORIA 3 1
7276	HOUSTON 36 0
7277	GANADO 0
7278	MONT BELVIEU 0
7279	MONT BELVIEU 1
7280	MONT BELVIEU 2
7281	MONT BELVIEU 3
7282	BAYTOWN 3 0
7283	BAYTOWN 3 1
7284	BAYTOWN 3 2
7285	BAYTOWN 3 3
7286	BAYTOWN 3 4
7287	BAYTOWN 3 5
7288	BAYTOWN 3 6
7289	BAYTOWN 3 7
7290	SPRING 6 0
7291	HUMBLE 2 0
7292	HOUSTON 69 0
7293	SANTA FE 2 0
7294	PORT BOLIVAR 0
7295	HOUSTON 42 0
7296	HOUSTON 85 0
7297	HOUSTON 50 0
7298	HOUSTON 62 0
7299	EAGLE LAKE 0
7300	CONROE 2 0
7301	WEBSTER 0
7302	SWEENY 0
7303	BLESSING 0
7304	WHARTON 1 0
7305	WHARTON 1 1
7306	WHARTON 1 2
7307	WHARTON 1 3
7308	WHARTON 1 4
7309	WHARTON 1 5
7310	WHARTON 1 6
7311	WHARTON 1 7
7312	LAKE JACKSON 0
7313	LAKE JACKSON 1
7314	BELLVILLE 0
7315	KATY 4 0
7316	HOUSTON 38 0
7317	FRIENDSWOOD 0
7318	HOUSTON 17 0
7319	HOUSTON 66 0
7320	FREEPORT 1 0
7321	FREEPORT 1 1
7322	FREEPORT 1 2
7323	FREEPORT 1 3
7324	FREEPORT 1 4
7325	FREEPORT 1 5
7326	FREEPORT 1 6
7327	NEWGULF 0
7328	NEWGULF 1
7329	NEWGULF 2
7330	HOUSTON 60 0
7331	PASADENA 1 0
7332	PASADENA 1 1
7333	PASADENA 1 2
7334	PASADENA 1 3
7335	PASADENA 1 4
7336	STAFFORD 0
7337	EDNA 0
7338	HOUSTON 21 0
7339	NEEDVILLE 0
7340	SEALY 0
7341	KATY 3 0
7342	KATY 3 1
7343	KATY 3 2
7344	HOUSTON 37 0
7345	HOUSTON 19 0
7346	THOMPSONS 0
7347	THOMPSONS 1
7348	THOMPSONS 2
7349	THOMPSONS 3
7350	THOMPSONS 4
7351	THOMPSONS 5
7352	THOMPSONS 6
7353	THOMPSONS 7
7354	THOMPSONS 8
7355	THOMPSONS 9
7356	THOMPSONS 10
7357	THOMPSONS 11
7358	THOMPSONS 12
7359	THOMPSONS 13
7360	THOMPSONS 14
7361	THOMPSONS 15
7362	HOUSTON 61 0
7363	GALVESTON 3 0
7364	EAST BERNARD 0
7365	HOUSTON 20 0
7366	CHANNELVIEW 1 0
7367	CHANNELVIEW 1 1
7368	CHANNELVIEW 1 2
7369	CHANNELVIEW 1 3
7370	CHANNELVIEW 1 4
7371	CHANNELVIEW 1 5
7372	CHANNELVIEW 1 6
7373	CHANNELVIEW 1 7
7374	CHANNELVIEW 1 8
7375	CHANNELVIEW 1 9
7376	CHANNELVIEW 1 10
7377	CHANNELVIEW 1 11
7378	CHANNELVIEW 1 12
7379	CHANNELVIEW 1 13
7380	FREEPORT 3 0
7381	HOUSTON 15 0
7382	HOUSTON 31 0
7383	ROSHARON 0
7384	HOUSTON 44 0
7385	HOUSTON 75 0
7386	HOUSTON 71 0
7387	HUMBLE 1 0
7388	HOUSTON 68 0
7389	WILLIS 1 0
7390	WILLIS 1 1
7391	WILLIS 1 2
7392	BAYTOWN 4 0
7393	VAN VLECK 0
7394	HUFFMAN 0
7395	HOUSTON 53 0
7396	HOUSTON 91 0
7397	ROSENBERG 0
7398	PASADENA 5 0
7399	HOUSTON 45 0
7400	HOUSTON 6 0
7401	HOUSTON 6 1
7402	HOUSTON 6 2
7403	PASADENA 4 0
7404	HOUSTON 57 0
7405	GALVESTON 2 0
7406	POINT COMFORT 1 0
7407	POINT COMFORT 1 1
7408	POINT COMFORT 1 2
7409	KATY 2 0
7410	KATY 2 1
7411	SPRING 3 0
7412	DANBURY 0
7413	WHARTON 2 0
7414	VICTORIA 1 0
7415	VICTORIA 1 1
7416	VICTORIA 1 2
7417	HOUSTON 64 0
7418	HOUSTON 65 0
7419	LA PORTE 0
7420	MAGNOLIA 1 0
7421	MAGNOLIA 1 1
7422	ALVIN 0
7423	ALVIN 1
7424	ALVIN 2
7425	HOUSTON 86 0
7426	BRAZORIA 0
7427	HOUSTON 87 0
7428	FREEPORT 2 0
7429	FREEPORT 2 1
7430	FREEPORT 2 2
7431	CONROE 6 0
7432	MADISONVILLE 0
8001	NORMANGEE 0
8002	ARP 0
8003	CENTERVILLE 0
8004	LUFKIN 3 0
8005	LUFKIN 3 1
8006	FLINT 0
8007	BULLARD 0
8008	CHANDLER 0
8009	PLANTERSVILLE 0
8010	MARQUEZ 0
8011	TENNESSEE COLONY 0
8012	ANDERSON 0
8013	MINEOLA 0
8014	LOVELADY 0
8015	HUNTINGTON 0
8016	BRYAN 4 0
8017	FRANKSTON 0
8018	TYLER 4 0
8019	TYLER 4 1
8020	BEN WHEELER 0
8021	GARRISON 0
8022	ETOILE 0
8023	LUFKIN 1 0
8024	LUFKIN 1 1
8025	PALESTINE 1 0
8026	LINDALE 0
8027	WHITEHOUSE 0
8028	OVERTON 0
8029	GRAND SALINE 0
8030	SHIRO 0
8031	SHIRO 1
8032	SHIRO 2
8033	SHIRO 3
8034	SHIRO 4
8035	SHIRO 5
8036	SHIRO 6
8037	MIDWAY 0
8038	SULPHUR SPRINGS 0
8039	VAN 0
8040	MURCHISON 0
8041	NACOGDOCHES 2 0
8042	DIBOLL 0
8043	FAIRFIELD 1 0
8044	FAIRFIELD 1 1
8045	FAIRFIELD 1 2
8046	FAIRFIELD 1 3
8047	FAIRFIELD 1 4
8048	FAIRFIELD 1 5
8049	FAIRFIELD 1 6
8050	FAIRFIELD 1 7
8051	FAIRFIELD 1 8
8052	TYLER 8 0
8053	ATHENS 1 0
8054	BUFFALO 0
8055	RUSK 0
8056	WINONA 0
8057	FAIRFIELD 2 0
8058	FAIRFIELD 2 1
8059	FAIRFIELD 2 2
8060	FAIRFIELD 2 3
8061	FAIRFIELD 2 4
8062	CUSHING 2 0
8063	NACOGDOCHES 3 0
8064	FAIRFIELD 3 0
8065	TRINIDAD 2 0
8066	DIKE 0
8067	JEWETT 1 0
8068	JEWETT 1 1
8069	JEWETT 1 2
8070	JEWETT 1 3
8071	JEWETT 1 4
8072	PALESTINE 2 0
8073	EMORY 0
8074	MT. ENTERPRISE 0
8075	MT. ENTERPRISE 1
8076	MT. ENTERPRISE 2
8077	MT. ENTERPRISE 3
8078	MT. ENTERPRISE 4
8079	MT. ENTERPRISE 5
8080	MT. ENTERPRISE 6
8081	TYLER 9 0
8082	FRANKLIN 0
8083	FRANKLIN 1
8084	FRANKLIN 2
8085	FRANKLIN 3
8086	FRANKLIN 4
8087	FRANKLIN 5
8088	FRANKLIN 6
8089	TYLER 3 0
8090	ELKHART 0
8091	WORTHAM 0
8092	OAKWOOD 0
8093	COOKVILLE 0
8094	COLLEGE STATION 1 0
8095	COLLEGE STATION 1 1
8096	EDGEWOOD 0
8097	CUSHING 1 0
8098	CUSHING 1 1
8099	CUSHING 1 2
8100	TYLER 2 0
8101	ALTO 0
8102	CALVERT 0
8103	JEWETT 2 0
8104	NAVASOTA 0
8105	MOUNT PLEASANT 2 0
8106	MOUNT PLEASANT 2 1
8107	SCROGGINS 0
8108	WILLS POINT 0
8109	ATHENS 2 0
8110	POINT 0
8111	LUFKIN 2 0
8112	JACKSONVILLE 1 0
8113	JACKSONVILLE 1 1
8114	JACKSONVILLE 1 2
8115	JACKSONVILLE 1 3
8116	JACKSONVILLE 1 4
8117	JACKSONVILLE 1 5
8118	CROCKETT 0
8119	HENDERSON 1 0
8120	BRYAN 3 0
8121	JACKSONVILLE 2 0
8122	BRYAN 5 0
8123	MALAKOFF 0
8124	CUMBY 0
8125	NACOGDOCHES 1 0
8126	MOUNT PLEASANT 1 0
8127	MOUNT PLEASANT 1 1
8128	MOUNT PLEASANT 1 2
8129	MOUNT PLEASANT 1 3
8130	MOUNT PLEASANT 1 4
8131	MOUNT PLEASANT 1 5
8132	TEAGUE 0
8133	TYLER 7 0
8134	TYLER 7 1
8135	TYLER 6 0
8136	YANTIS 0
8137	POLLOK 0
8138	TYLER 1 0
8139	COLLEGE STATION 2 0
8140	COLLEGE STATION 2 1
8141	HEARNE 0
8142	MOUNT VERNON 0
8143	IOLA 0
8144	STREETMAN 0
8145	COMO 0
8146	HENDERSON 2 0
8147	TRINIDAD 1 0
8148	TRINIDAD 1 1
8149	TRINIDAD 1 2
8150	ZAVALLA 0
8151	GRAPELAND 0
8152	BRYAN 2 0
8153	CANTON 0
8154	TYLER 5 0
8155	BREMOND 0
8156	BREMOND 1
8157	BREMOND 2
8158	BRYAN 1 0
8159	BRYAN 1 1
8160	BRYAN 1 2
